census_tract,census_block_group,census_block,census_year,total_pop,hispanic_latino_pop,hispanic_latino_pop_percentage,white_pop,white_pop_percentage,black_or_african_american_pop,black_or_african_american_pop_percentage,american_indian_alaska_native_pop,american_indian_alaska_native_pop_percentage,asian_overall_pop,asian_overall_pop_percentage,native_hawaiian_pacific_islander_pop,native_hawaiian_pacific_islander_pop_percentage,some_other_race_pop,some_other_race_pop_percentage,two_or_more_races_pop,two_or_more_races_pop_percentage
440504,1,1000,2020,0,0,null,0,null,0,null,0,null,0,null,0,null,0,null,0,null
440504,1,1001,2020,0,0,null,0,null,0,null,0,null,0,null,0,null,0,null,0,null
440504,1,1002,2020,0,0,null,0,null,0,null,0,null,0,null,0,null,0,null,0,null
440504,1,1003,2020,643,109,17%,227,35%,267,42%,1,0%,27,4%,0,0%,1,0%,11,2%
440504,1,1004,2020,0,0,null,0,null,0,null,0,null,0,null,0,null,0,null,0,null
461902,1,1000,2020,0,0,null,0,null,0,null,0,null,0,null,0,null,0,null,0,null
461902,1,1001,2020,0,0,null,0,null,0,null,0,null,0,null,0,null,0,null,0,null
461902,1,1002,2020,0,0,null,0,null,0,null,0,null,0,null,0,null,0,null,0,null
461902,1,1003,2020,0,0,null,0,null,0,null,0,null,0,null,0,null,0,null,0,null
461902,1,1004,2020,613,241,39%,127,21%,60,10%,0,0%,170,28%,0,0%,1,0%,14,2%
461902,1,1005,2020,102,32,31%,13,13%,13,13%,0,0%,26,25%,0,0%,3,3%,15,15%
461902,1,1006,2020,97,23,24%,30,31%,6,6%,0,0%,34,35%,1,1%,1,1%,2,2%
461902,1,1007,2020,"1,027",554,54%,161,16%,140,14%,1,0%,145,14%,0,0%,11,1%,15,1%
491202,1,1000,2020,0,0,null,0,null,0,null,0,null,0,null,0,null,0,null,0,null
491202,1,1001,2020,0,0,null,0,null,0,null,0,null,0,null,0,null,0,null,0,null
491202,1,1002,2020,420,127,30%,175,42%,38,9%,1,0%,67,16%,0,0%,0,0%,12,3%
491202,1,1003,2020,152,42,28%,57,38%,14,9%,0,0%,29,19%,0,0%,2,1%,8,5%
491202,1,1004,2020,431,45,10%,192,45%,52,12%,0,0%,128,30%,0,0%,3,1%,11,3%
491202,1,1005,2020,386,122,32%,110,28%,38,10%,0,0%,105,27%,0,0%,6,2%,5,1%
491202,1,1006,2020,83,27,33%,33,40%,7,8%,0,0%,13,16%,0,0%,1,1%,2,2%
491202,1,1007,2020,38,16,42%,8,21%,0,0%,0,0%,1,3%,0,0%,0,0%,13,34%
491202,1,1008,2020,120,50,42%,48,40%,11,9%,2,2%,6,5%,0,0%,0,0%,3,3%
491202,1,1009,2020,267,62,23%,110,41%,43,16%,0,0%,37,14%,0,0%,0,0%,15,6%
491202,1,1010,2020,205,52,25%,71,35%,18,9%,0,0%,50,24%,0,0%,0,0%,14,7%
491202,1,1011,2020,0,0,null,0,null,0,null,0,null,0,null,0,null,0,null,0,null
491202,1,1012,2020,0,0,null,0,null,0,null,0,null,0,null,0,null,0,null,0,null
491501,1,1000,2020,0,0,null,0,null,0,null,0,null,0,null,0,null,0,null,0,null
491501,1,1001,2020,771,52,7%,223,29%,89,12%,0,0%,366,47%,2,0%,5,1%,34,4%
491501,1,1002,2020,52,3,6%,9,17%,14,27%,0,0%,20,38%,0,0%,0,0%,6,12%
491501,1,1003,2020,248,25,10%,115,46%,18,7%,0,0%,81,33%,0,0%,2,1%,7,3%
491501,1,1004,2020,84,9,11%,20,24%,4,5%,0,0%,39,46%,0,0%,2,2%,10,12%
491501,1,1005,2020,63,17,27%,24,38%,0,0%,1,2%,12,19%,0,0%,0,0%,9,14%
491501,1,1006,2020,103,14,14%,23,22%,0,0%,0,0%,65,63%,0,0%,0,0%,1,1%
491501,1,1007,2020,487,43,9%,134,28%,43,9%,0,0%,240,49%,0,0%,5,1%,22,5%
491501,1,1008,2020,591,15,3%,95,16%,16,3%,0,0%,445,75%,0,0%,10,2%,10,2%
491501,1,1009,2020,41,7,17%,6,15%,7,17%,0,0%,20,49%,0,0%,0,0%,1,2%
491501,1,1010,2020,0,0,null,0,null,0,null,0,null,0,null,0,null,0,null,0,null
491501,1,1011,2020,159,10,6%,35,22%,0,0%,0,0%,110,69%,0,0%,0,0%,4,3%
491501,1,1012,2020,110,4,4%,5,5%,5,5%,0,0%,91,83%,0,0%,0,0%,5,5%
491501,1,1013,2020,65,4,6%,16,25%,5,8%,0,0%,34,52%,0,0%,0,0%,6,9%
491501,1,1014,2020,25,0,0%,5,20%,6,24%,0,0%,12,48%,0,0%,0,0%,2,8%
491501,1,1015,2020,80,17,21%,2,3%,0,0%,0,0%,58,73%,2,3%,0,0%,1,1%
491501,1,1016,2020,47,15,32%,5,11%,2,4%,0,0%,22,47%,1,2%,0,0%,2,4%
491501,1,1017,2020,14,2,14%,3,21%,0,0%,0,0%,7,50%,0,0%,0,0%,2,14%
491501,1,1018,2020,25,0,0%,9,36%,0,0%,1,4%,5,20%,0,0%,0,0%,10,40%
491501,1,1019,2020,94,9,10%,22,23%,2,2%,0,0%,52,55%,0,0%,0,0%,9,10%
491501,1,1020,2020,24,6,25%,2,8%,7,29%,0,0%,4,17%,0,0%,0,0%,5,21%
491501,2,2000,2020,0,0,null,0,null,0,null,0,null,0,null,0,null,0,null,0,null
491501,2,2001,2020,"1,649",93,6%,349,21%,120,7%,0,0%,"1,044",63%,0,0%,3,0%,40,2%
491501,2,2002,2020,120,6,5%,18,15%,1,1%,0,0%,88,73%,0,0%,0,0%,7,6%
491501,2,2003,2020,63,1,2%,21,33%,5,8%,0,0%,31,49%,0,0%,0,0%,5,8%
491501,2,2004,2020,344,10,3%,113,33%,15,4%,0,0%,183,53%,0,0%,0,0%,23,7%
491501,2,2005,2020,542,32,6%,141,26%,33,6%,0,0%,314,58%,0,0%,4,1%,18,3%
491501,2,2006,2020,0,0,null,0,null,0,null,0,null,0,null,0,null,0,null,0,null
491501,2,2007,2020,81,6,7%,13,16%,0,0%,0,0%,52,64%,0,0%,0,0%,10,12%
491501,2,2008,2020,49,6,12%,9,18%,5,10%,0,0%,22,45%,1,2%,2,4%,4,8%
491501,3,3000,2020,56,4,7%,1,2%,9,16%,0,0%,37,66%,0,0%,2,4%,3,5%
491501,3,3001,2020,0,0,null,0,null,0,null,0,null,0,null,0,null,0,null,0,null
491501,3,3002,2020,317,8,3%,76,24%,26,8%,1,0%,199,63%,0,0%,1,0%,6,2%
491501,3,3003,2020,82,2,2%,24,29%,14,17%,0,0%,41,50%,0,0%,0,0%,1,1%
491501,3,3004,2020,0,0,null,0,null,0,null,0,null,0,null,0,null,0,null,0,null
491501,3,3005,2020,0,0,null,0,null,0,null,0,null,0,null,0,null,0,null,0,null
491501,3,3006,2020,0,0,null,0,null,0,null,0,null,0,null,0,null,0,null,0,null
491501,3,3007,2020,208,7,3%,37,18%,0,0%,0,0%,162,78%,0,0%,1,0%,1,0%
491501,3,3008,2020,12,2,17%,3,25%,3,25%,0,0%,2,17%,0,0%,0,0%,2,17%
491501,3,3009,2020,89,15,17%,16,18%,0,0%,0,0%,57,64%,0,0%,1,1%,0,0%
491501,3,3010,2020,87,4,5%,6,7%,1,1%,0,0%,72,83%,0,0%,1,1%,3,3%
491501,3,3011,2020,61,1,2%,8,13%,5,8%,0,0%,42,69%,0,0%,0,0%,5,8%
491501,3,3012,2020,0,0,null,0,null,0,null,0,null,0,null,0,null,0,null,0,null
491501,3,3013,2020,0,0,null,0,null,0,null,0,null,0,null,0,null,0,null,0,null
491501,3,3014,2020,0,0,null,0,null,0,null,0,null,0,null,0,null,0,null,0,null
491501,3,3015,2020,85,3,4%,10,12%,3,4%,1,1%,64,75%,0,0%,2,2%,2,2%
491501,3,3016,2020,92,10,11%,17,18%,3,3%,0,0%,57,62%,0,0%,1,1%,4,4%
491501,3,3017,2020,193,7,4%,45,23%,0,0%,0,0%,128,66%,0,0%,0,0%,13,7%
491501,3,3018,2020,61,5,8%,16,26%,1,2%,0,0%,34,56%,0,0%,0,0%,5,8%
491501,3,3019,2020,52,4,8%,9,17%,1,2%,0,0%,37,71%,0,0%,1,2%,0,0%
491501,3,3020,2020,41,4,10%,8,20%,3,7%,0,0%,23,56%,0,0%,1,2%,2,5%
491501,3,3021,2020,79,2,3%,23,29%,0,0%,0,0%,54,68%,0,0%,0,0%,0,0%
491501,3,3022,2020,49,2,4%,9,18%,1,2%,0,0%,37,76%,0,0%,0,0%,0,0%
491501,3,3023,2020,63,6,10%,1,2%,1,2%,0,0%,54,86%,0,0%,1,2%,0,0%
491501,3,3024,2020,87,2,2%,9,10%,8,9%,3,3%,65,75%,0,0%,0,0%,0,0%
491501,3,3025,2020,0,0,null,0,null,0,null,0,null,0,null,0,null,0,null,0,null
491501,3,3026,2020,0,0,null,0,null,0,null,0,null,0,null,0,null,0,null,0,null
491501,3,3027,2020,51,0,0%,22,43%,0,0%,0,0%,25,49%,0,0%,0,0%,4,8%
491501,3,3028,2020,0,0,null,0,null,0,null,0,null,0,null,0,null,0,null,0,null
491502,1,1000,2020,124,2,2%,66,53%,0,0%,0,0%,45,36%,2,2%,2,2%,7,6%
491502,1,1001,2020,277,10,4%,162,58%,15,5%,0,0%,75,27%,0,0%,5,2%,10,4%
491502,1,1002,2020,"1,168",30,3%,483,41%,56,5%,0,0%,545,47%,0,0%,1,0%,53,5%
491502,1,1003,2020,133,6,5%,89,67%,2,2%,0,0%,28,21%,0,0%,0,0%,8,6%
491502,1,1004,2020,110,7,6%,73,66%,3,3%,0,0%,19,17%,0,0%,0,0%,8,7%
491502,1,1005,2020,246,12,5%,102,41%,7,3%,0,0%,117,48%,0,0%,0,0%,8,3%
491502,1,1006,2020,42,14,33%,19,45%,0,0%,0,0%,5,12%,0,0%,0,0%,4,10%
491502,1,1007,2020,156,12,8%,45,29%,9,6%,0,0%,87,56%,0,0%,0,0%,3,2%
491502,1,1008,2020,57,7,12%,21,37%,2,4%,1,2%,22,39%,0,0%,1,2%,3,5%
491502,1,1009,2020,122,8,7%,61,50%,3,2%,5,4%,39,32%,0,0%,0,0%,6,5%
491502,1,1010,2020,68,10,15%,22,32%,3,4%,2,3%,31,46%,0,0%,0,0%,0,0%
491502,1,1011,2020,519,16,3%,367,71%,10,2%,0,0%,108,21%,0,0%,0,0%,18,3%
491502,1,1012,2020,69,5,7%,35,51%,7,10%,0,0%,13,19%,0,0%,0,0%,9,13%
491502,1,1013,2020,0,0,null,0,null,0,null,0,null,0,null,0,null,0,null,0,null
491502,2,2000,2020,602,42,7%,193,32%,32,5%,1,0%,318,53%,0,0%,2,0%,14,2%
491502,2,2001,2020,199,14,7%,48,24%,0,0%,0,0%,119,60%,0,0%,11,6%,7,4%
491502,2,2002,2020,579,21,4%,318,55%,17,3%,0,0%,193,33%,0,0%,3,1%,27,5%
491502,2,2003,2020,34,6,18%,14,41%,0,0%,0,0%,9,26%,0,0%,0,0%,5,15%
491502,2,2004,2020,451,18,4%,312,69%,18,4%,0,0%,92,20%,0,0%,0,0%,11,2%
491502,2,2005,2020,156,7,4%,65,42%,3,2%,0,0%,53,34%,0,0%,7,4%,21,13%
491502,2,2006,2020,238,27,11%,130,55%,2,1%,0,0%,70,29%,0,0%,5,2%,4,2%
491502,3,3000,2020,349,27,8%,258,74%,3,1%,0,0%,52,15%,0,0%,0,0%,9,3%
491502,3,3001,2020,151,11,7%,78,52%,4,3%,0,0%,57,38%,0,0%,0,0%,1,1%
491502,3,3002,2020,151,10,7%,60,40%,3,2%,0,0%,76,50%,0,0%,1,1%,1,1%
491502,3,3003,2020,265,11,4%,156,59%,10,4%,0,0%,83,31%,0,0%,0,0%,5,2%
491502,3,3004,2020,146,2,1%,82,56%,9,6%,0,0%,44,30%,1,1%,1,1%,7,5%
491502,3,3005,2020,50,2,4%,22,44%,4,8%,0,0%,20,40%,0,0%,0,0%,2,4%
491502,3,3006,2020,270,11,4%,61,23%,8,3%,1,0%,182,67%,0,0%,1,0%,6,2%
491502,3,3007,2020,62,4,6%,17,27%,0,0%,0,0%,33,53%,0,0%,2,3%,6,10%
491502,3,3008,2020,82,6,7%,19,23%,8,10%,0,0%,43,52%,0,0%,2,2%,4,5%
491502,3,3009,2020,38,4,11%,4,11%,6,16%,0,0%,19,50%,0,0%,1,3%,4,11%
491502,3,3010,2020,17,1,6%,7,41%,0,0%,0,0%,4,24%,0,0%,3,18%,2,12%
491502,3,3011,2020,83,4,5%,28,34%,3,4%,0,0%,44,53%,0,0%,3,4%,1,1%
491502,3,3012,2020,0,0,null,0,null,0,null,0,null,0,null,0,null,0,null,0,null
491601,1,1000,2020,0,0,null,0,null,0,null,0,null,0,null,0,null,0,null,0,null
491601,1,1001,2020,327,148,45%,22,7%,38,12%,0,0%,111,34%,0,0%,0,0%,8,2%
491601,1,1002,2020,429,166,39%,33,8%,61,14%,2,0%,159,37%,0,0%,2,0%,6,1%
491601,1,1003,2020,508,181,36%,52,10%,87,17%,1,0%,166,33%,0,0%,2,0%,19,4%
491601,2,2000,2020,"2,648",710,27%,649,25%,254,10%,2,0%,928,35%,0,0%,15,1%,90,3%
491601,2,2001,2020,98,7,7%,25,26%,8,8%,0,0%,47,48%,0,0%,4,4%,7,7%
491601,3,3000,2020,769,31,4%,347,45%,55,7%,0,0%,314,41%,0,0%,0,0%,22,3%
491601,3,3001,2020,48,6,13%,22,46%,7,15%,0,0%,9,19%,0,0%,0,0%,4,8%
491601,3,3002,2020,207,13,6%,71,34%,8,4%,0,0%,102,49%,0,0%,3,1%,10,5%
491601,3,3003,2020,44,18,41%,0,0%,1,2%,0,0%,19,43%,0,0%,0,0%,6,14%
491601,3,3004,2020,119,25,21%,44,37%,6,5%,0,0%,25,21%,2,2%,3,3%,14,12%
491601,3,3005,2020,136,13,10%,87,64%,11,8%,3,2%,21,15%,0,0%,0,0%,1,1%
491601,3,3006,2020,88,20,23%,41,47%,0,0%,0,0%,13,15%,0,0%,3,3%,11,13%
491602,1,1000,2020,138,49,36%,37,27%,0,0%,0,0%,44,32%,0,0%,2,1%,6,4%
491602,1,1001,2020,75,33,44%,20,27%,6,8%,0,0%,12,16%,0,0%,0,0%,4,5%
491602,1,1002,2020,477,183,38%,94,20%,33,7%,0,0%,157,33%,0,0%,0,0%,10,2%
491602,1,1003,2020,50,24,48%,22,44%,2,4%,0,0%,0,0%,0,0%,0,0%,2,4%
491602,1,1004,2020,99,34,34%,8,8%,2,2%,0,0%,46,46%,0,0%,2,2%,7,7%
491602,1,1005,2020,217,80,37%,16,7%,12,6%,1,0%,91,42%,0,0%,0,0%,17,8%
491602,1,1006,2020,0,0,null,0,null,0,null,0,null,0,null,0,null,0,null,0,null
491602,1,1007,2020,227,95,42%,36,16%,23,10%,0,0%,71,31%,0,0%,0,0%,2,1%
491602,1,1008,2020,123,66,54%,11,9%,3,2%,0,0%,39,32%,0,0%,1,1%,3,2%
491602,1,1009,2020,938,148,16%,405,43%,50,5%,0,0%,300,32%,0,0%,6,1%,29,3%
491602,1,1010,2020,139,34,24%,50,36%,5,4%,0,0%,44,32%,1,1%,3,2%,2,1%
491602,1,1011,2020,128,11,9%,54,42%,10,8%,0,0%,45,35%,0,0%,2,2%,6,5%
491602,1,1012,2020,272,64,24%,107,39%,10,4%,3,1%,76,28%,0,0%,7,3%,5,2%
491602,1,1013,2020,82,5,6%,40,49%,11,13%,0,0%,19,23%,0,0%,1,1%,6,7%
491602,1,1014,2020,0,0,null,0,null,0,null,0,null,0,null,0,null,0,null,0,null
491602,2,2000,2020,134,27,20%,45,34%,5,4%,0,0%,50,37%,0,0%,0,0%,7,5%
491602,2,2001,2020,152,21,14%,88,58%,9,6%,0,0%,26,17%,0,0%,1,1%,7,5%
491602,2,2002,2020,72,18,25%,39,54%,1,1%,0,0%,7,10%,0,0%,0,0%,7,10%
491602,2,2003,2020,78,22,28%,17,22%,9,12%,0,0%,19,24%,0,0%,0,0%,11,14%
491602,2,2004,2020,98,36,37%,28,29%,3,3%,0,0%,28,29%,0,0%,3,3%,0,0%
491602,2,2005,2020,192,61,32%,61,32%,16,8%,0,0%,49,26%,0,0%,2,1%,3,2%
491602,2,2006,2020,103,24,23%,55,53%,5,5%,0,0%,14,14%,0,0%,0,0%,5,5%
491602,2,2007,2020,297,30,10%,133,45%,16,5%,0,0%,101,34%,0,0%,0,0%,17,6%
491602,2,2008,2020,114,19,17%,53,46%,6,5%,0,0%,33,29%,0,0%,0,0%,3,3%
491602,2,2009,2020,131,40,31%,42,32%,7,5%,0,0%,38,29%,0,0%,2,2%,2,2%
491602,2,2010,2020,91,30,33%,31,34%,4,4%,0,0%,20,22%,0,0%,0,0%,6,7%
491602,2,2011,2020,64,12,19%,30,47%,0,0%,0,0%,22,34%,0,0%,0,0%,0,0%
491602,2,2012,2020,88,29,33%,18,20%,2,2%,0,0%,32,36%,0,0%,2,2%,5,6%
491602,2,2013,2020,0,0,null,0,null,0,null,0,null,0,null,0,null,0,null,0,null
491602,2,2014,2020,24,12,50%,2,8%,6,25%,0,0%,4,17%,0,0%,0,0%,0,0%
491602,2,2015,2020,533,17,3%,244,46%,11,2%,0,0%,244,46%,0,0%,0,0%,17,3%
491602,2,2016,2020,126,34,27%,53,42%,5,4%,0,0%,32,25%,0,0%,0,0%,2,2%
491602,2,2017,2020,48,10,21%,1,2%,0,0%,0,0%,30,63%,0,0%,5,10%,2,4%
491701,1,1000,2020,519,42,8%,187,36%,80,15%,0,0%,175,34%,3,1%,3,1%,29,6%
491701,1,1001,2020,139,5,4%,44,32%,22,16%,0,0%,60,43%,1,1%,0,0%,7,5%
491701,1,1002,2020,141,14,10%,64,45%,11,8%,0,0%,42,30%,0,0%,4,3%,6,4%
491701,1,1003,2020,0,0,null,0,null,0,null,0,null,0,null,0,null,0,null,0,null
491701,1,1004,2020,0,0,null,0,null,0,null,0,null,0,null,0,null,0,null,0,null
491701,1,1005,2020,0,0,null,0,null,0,null,0,null,0,null,0,null,0,null,0,null
491701,1,1006,2020,0,0,null,0,null,0,null,0,null,0,null,0,null,0,null,0,null
491701,1,1007,2020,0,0,null,0,null,0,null,0,null,0,null,0,null,0,null,0,null
491701,1,1008,2020,0,0,null,0,null,0,null,0,null,0,null,0,null,0,null,0,null
491701,1,1009,2020,0,0,null,0,null,0,null,0,null,0,null,0,null,0,null,0,null
491701,1,1010,2020,0,0,null,0,null,0,null,0,null,0,null,0,null,0,null,0,null
491701,1,1011,2020,0,0,null,0,null,0,null,0,null,0,null,0,null,0,null,0,null
491701,1,1012,2020,102,19,19%,34,33%,8,8%,0,0%,20,20%,0,0%,0,0%,21,21%
491701,1,1013,2020,314,34,11%,168,54%,25,8%,0,0%,77,25%,0,0%,0,0%,10,3%
491701,2,2000,2020,0,0,null,0,null,0,null,0,null,0,null,0,null,0,null,0,null
491701,2,2001,2020,0,0,null,0,null,0,null,0,null,0,null,0,null,0,null,0,null
491701,2,2002,2020,600,52,9%,302,50%,35,6%,0,0%,179,30%,0,0%,3,1%,29,5%
491701,2,2003,2020,98,13,13%,46,47%,10,10%,0,0%,22,22%,0,0%,0,0%,7,7%
491701,2,2004,2020,55,6,11%,18,33%,7,13%,0,0%,19,35%,0,0%,0,0%,5,9%
491701,2,2005,2020,110,19,17%,27,25%,8,7%,0,0%,39,35%,0,0%,0,0%,17,15%
491701,2,2006,2020,238,30,13%,155,65%,24,10%,0,0%,22,9%,1,0%,0,0%,6,3%
491701,2,2007,2020,72,7,10%,45,63%,1,1%,0,0%,2,3%,0,0%,1,1%,16,22%
491701,2,2008,2020,155,11,7%,82,53%,25,16%,0,0%,22,14%,0,0%,0,0%,15,10%
491701,2,2009,2020,0,0,null,0,null,0,null,0,null,0,null,0,null,0,null,0,null
491701,2,2010,2020,0,0,null,0,null,0,null,0,null,0,null,0,null,0,null,0,null
491701,2,2011,2020,0,0,null,0,null,0,null,0,null,0,null,0,null,0,null,0,null
491701,3,3000,2020,0,0,null,0,null,0,null,0,null,0,null,0,null,0,null,0,null
491701,3,3001,2020,0,0,null,0,null,0,null,0,null,0,null,0,null,0,null,0,null
491701,3,3002,2020,127,8,6%,68,54%,8,6%,0,0%,32,25%,0,0%,0,0%,11,9%
491701,3,3003,2020,0,0,null,0,null,0,null,0,null,0,null,0,null,0,null,0,null
491701,3,3004,2020,0,0,null,0,null,0,null,0,null,0,null,0,null,0,null,0,null
491701,3,3005,2020,0,0,null,0,null,0,null,0,null,0,null,0,null,0,null,0,null
491701,3,3006,2020,"1,321",108,8%,644,49%,96,7%,0,0%,389,29%,2,0%,6,0%,76,6%
491701,3,3007,2020,0,0,null,0,null,0,null,0,null,0,null,0,null,0,null,0,null
491701,3,3008,2020,38,8,21%,9,24%,5,13%,0,0%,5,13%,0,0%,0,0%,11,29%
491701,3,3009,2020,73,6,8%,19,26%,3,4%,0,0%,37,51%,0,0%,1,1%,7,10%
491701,3,3010,2020,25,7,28%,9,36%,2,8%,0,0%,0,0%,0,0%,0,0%,7,28%
491701,3,3011,2020,0,0,null,0,null,0,null,0,null,0,null,0,null,0,null,0,null
491701,3,3012,2020,0,0,null,0,null,0,null,0,null,0,null,0,null,0,null,0,null
491701,3,3013,2020,0,0,null,0,null,0,null,0,null,0,null,0,null,0,null,0,null
491703,1,1000,2020,26,8,31%,4,15%,5,19%,0,0%,5,19%,0,0%,0,0%,4,15%
491703,1,1001,2020,0,0,null,0,null,0,null,0,null,0,null,0,null,0,null,0,null
491703,1,1002,2020,0,0,null,0,null,0,null,0,null,0,null,0,null,0,null,0,null
491703,1,1003,2020,0,0,null,0,null,0,null,0,null,0,null,0,null,0,null,0,null
491703,1,1004,2020,0,0,null,0,null,0,null,0,null,0,null,0,null,0,null,0,null
491703,1,1005,2020,0,0,null,0,null,0,null,0,null,0,null,0,null,0,null,0,null
491703,1,1006,2020,435,56,13%,229,53%,62,14%,0,0%,61,14%,0,0%,0,0%,27,6%
491703,1,1007,2020,347,32,9%,194,56%,47,14%,0,0%,48,14%,0,0%,0,0%,26,7%
491703,1,1008,2020,552,69,13%,288,52%,72,13%,0,0%,103,19%,0,0%,2,0%,18,3%
491703,1,1009,2020,0,0,null,0,null,0,null,0,null,0,null,0,null,0,null,0,null
491703,1,1010,2020,401,22,5%,232,58%,72,18%,0,0%,58,14%,0,0%,3,1%,14,3%
491703,1,1011,2020,150,21,14%,72,48%,27,18%,0,0%,21,14%,0,0%,0,0%,9,6%
491703,1,1012,2020,0,0,null,0,null,0,null,0,null,0,null,0,null,0,null,0,null
491703,2,2000,2020,128,12,9%,59,46%,14,11%,0,0%,36,28%,0,0%,2,2%,5,4%
491703,2,2001,2020,105,11,10%,50,48%,1,1%,0,0%,35,33%,2,2%,4,4%,2,2%
491703,2,2002,2020,62,4,6%,38,61%,3,5%,2,3%,12,19%,0,0%,0,0%,3,5%
491703,2,2003,2020,64,8,13%,33,52%,3,5%,0,0%,16,25%,0,0%,1,2%,3,5%
491703,2,2004,2020,0,0,null,0,null,0,null,0,null,0,null,0,null,0,null,0,null
491703,2,2005,2020,30,16,53%,2,7%,0,0%,0,0%,3,10%,0,0%,0,0%,9,30%
491703,2,2006,2020,0,0,null,0,null,0,null,0,null,0,null,0,null,0,null,0,null
491703,2,2007,2020,0,0,null,0,null,0,null,0,null,0,null,0,null,0,null,0,null
491703,2,2008,2020,22,6,27%,0,0%,7,32%,0,0%,0,0%,0,0%,5,23%,4,18%
491703,2,2009,2020,456,84,18%,169,37%,93,20%,1,0%,74,16%,2,0%,4,1%,29,6%
491703,2,2010,2020,0,0,null,0,null,0,null,0,null,0,null,0,null,0,null,0,null
491703,2,2011,2020,327,24,7%,220,67%,24,7%,0,0%,42,13%,0,0%,2,1%,15,5%
491703,2,2012,2020,106,8,8%,51,48%,7,7%,0,0%,37,35%,0,0%,1,1%,2,2%
491703,2,2013,2020,0,0,null,0,null,0,null,0,null,0,null,0,null,0,null,0,null
491703,2,2014,2020,35,7,20%,9,26%,11,31%,0,0%,7,20%,0,0%,0,0%,1,3%
491703,2,2015,2020,33,8,24%,9,27%,8,24%,0,0%,8,24%,0,0%,0,0%,0,0%
491703,2,2016,2020,126,14,11%,61,48%,29,23%,0,0%,20,16%,0,0%,0,0%,2,2%
491703,2,2017,2020,155,16,10%,82,53%,2,1%,0,0%,47,30%,0,0%,0,0%,8,5%
491703,3,3000,2020,0,0,null,0,null,0,null,0,null,0,null,0,null,0,null,0,null
491703,3,3001,2020,0,0,null,0,null,0,null,0,null,0,null,0,null,0,null,0,null
491703,3,3002,2020,607,70,12%,280,46%,75,12%,5,1%,136,22%,2,0%,2,0%,37,6%
491703,3,3003,2020,266,32,12%,125,47%,34,13%,0,0%,61,23%,0,0%,0,0%,14,5%
491703,3,3004,2020,244,47,19%,77,32%,27,11%,0,0%,77,32%,1,0%,7,3%,8,3%
491703,3,3005,2020,358,61,17%,145,41%,68,19%,2,1%,57,16%,0,0%,0,0%,25,7%
491704,1,1000,2020,687,56,8%,359,52%,119,17%,0,0%,113,16%,0,0%,8,1%,32,5%
491704,1,1001,2020,109,12,11%,55,50%,14,13%,1,1%,19,17%,0,0%,0,0%,8,7%
491704,1,1002,2020,127,20,16%,67,53%,22,17%,0,0%,15,12%,0,0%,0,0%,3,2%
491704,1,1003,2020,113,14,12%,47,42%,16,14%,0,0%,32,28%,0,0%,0,0%,4,4%
491704,2,2000,2020,291,20,7%,121,42%,19,7%,0,0%,118,41%,0,0%,0,0%,13,4%
491704,2,2001,2020,34,9,26%,9,26%,12,35%,0,0%,0,0%,0,0%,0,0%,4,12%
491704,2,2002,2020,54,7,13%,20,37%,6,11%,0,0%,15,28%,0,0%,1,2%,5,9%
491704,2,2003,2020,"1,061",63,6%,337,32%,81,8%,0,0%,541,51%,0,0%,0,0%,39,4%
491704,2,2004,2020,81,3,4%,37,46%,6,7%,0,0%,20,25%,0,0%,5,6%,10,12%
491704,2,2005,2020,61,6,10%,1,2%,6,10%,0,0%,41,67%,2,3%,0,0%,5,8%
491704,2,2006,2020,57,1,2%,12,21%,13,23%,0,0%,21,37%,0,0%,0,0%,10,18%
491704,2,2007,2020,57,2,4%,10,18%,5,9%,0,0%,33,58%,0,0%,0,0%,7,12%
491704,2,2008,2020,47,6,13%,19,40%,4,9%,0,0%,17,36%,0,0%,0,0%,1,2%
491704,2,2009,2020,25,11,44%,0,0%,0,0%,1,4%,6,24%,1,4%,0,0%,6,24%
491704,2,2010,2020,37,4,11%,5,14%,0,0%,0,0%,18,49%,0,0%,0,0%,10,27%
491704,2,2011,2020,63,13,21%,15,24%,12,19%,0,0%,20,32%,0,0%,0,0%,3,5%
491704,2,2012,2020,25,7,28%,11,44%,0,0%,0,0%,2,8%,2,8%,0,0%,3,12%
491704,2,2013,2020,174,23,13%,58,33%,22,13%,0,0%,61,35%,0,0%,0,0%,10,6%
491704,2,2014,2020,55,12,22%,25,45%,2,4%,0,0%,5,9%,0,0%,0,0%,11,20%
491704,2,2015,2020,0,0,null,0,null,0,null,0,null,0,null,0,null,0,null,0,null
491704,2,2016,2020,0,0,null,0,null,0,null,0,null,0,null,0,null,0,null,0,null
491704,3,3000,2020,"1,232",136,11%,523,42%,180,15%,0,0%,332,27%,0,0%,1,0%,60,5%
491704,3,3001,2020,109,23,21%,45,41%,7,6%,0,0%,16,15%,2,2%,0,0%,16,15%
491704,3,3002,2020,66,14,21%,12,18%,10,15%,0,0%,26,39%,0,0%,0,0%,4,6%
491704,3,3003,2020,57,13,23%,9,16%,16,28%,0,0%,13,23%,0,0%,0,0%,6,11%
491704,3,3004,2020,98,19,19%,36,37%,1,1%,0,0%,24,24%,0,0%,4,4%,14,14%
491704,3,3005,2020,342,27,8%,127,37%,12,4%,2,1%,148,43%,0,0%,1,0%,25,7%
491705,1,1000,2020,0,0,null,0,null,0,null,0,null,0,null,0,null,0,null,0,null
491705,1,1001,2020,0,0,null,0,null,0,null,0,null,0,null,0,null,0,null,0,null
491705,1,1002,2020,344,22,6%,91,26%,9,3%,0,0%,209,61%,0,0%,7,2%,6,2%
491705,1,1003,2020,283,14,5%,67,24%,10,4%,0,0%,180,64%,0,0%,1,0%,11,4%
491705,1,1004,2020,39,6,15%,10,26%,2,5%,0,0%,19,49%,0,0%,0,0%,2,5%
491705,1,1005,2020,0,0,null,0,null,0,null,0,null,0,null,0,null,0,null,0,null
491705,1,1006,2020,23,8,35%,4,17%,1,4%,0,0%,10,43%,0,0%,0,0%,0,0%
491705,1,1007,2020,70,9,13%,9,13%,11,16%,0,0%,30,43%,0,0%,0,0%,11,16%
491705,1,1008,2020,273,13,5%,76,28%,1,0%,0,0%,176,64%,0,0%,0,0%,7,3%
491705,1,1009,2020,334,13,4%,115,34%,20,6%,0,0%,176,53%,0,0%,0,0%,10,3%
491705,1,1010,2020,113,3,3%,41,36%,9,8%,0,0%,36,32%,0,0%,8,7%,16,14%
491705,1,1011,2020,143,1,1%,71,50%,0,0%,0,0%,56,39%,0,0%,0,0%,15,10%
491705,1,1012,2020,230,7,3%,66,29%,11,5%,0,0%,124,54%,0,0%,2,1%,20,9%
491705,1,1013,2020,409,31,8%,106,26%,47,11%,0,0%,216,53%,0,0%,4,1%,5,1%
491705,1,1014,2020,85,6,7%,20,24%,13,15%,0,0%,42,49%,0,0%,0,0%,4,5%
491705,1,1015,2020,37,6,16%,8,22%,6,16%,0,0%,14,38%,0,0%,0,0%,3,8%
491705,1,1016,2020,106,14,13%,61,58%,4,4%,0,0%,18,17%,0,0%,0,0%,9,8%
491705,1,1017,2020,302,14,5%,117,39%,26,9%,0,0%,126,42%,0,0%,0,0%,19,6%
491705,1,1018,2020,86,2,2%,18,21%,4,5%,0,0%,60,70%,0,0%,0,0%,2,2%
491705,1,1019,2020,26,2,8%,21,81%,1,4%,0,0%,0,0%,0,0%,1,4%,1,4%
491705,1,1020,2020,0,0,null,0,null,0,null,0,null,0,null,0,null,0,null,0,null
491705,1,1021,2020,0,0,null,0,null,0,null,0,null,0,null,0,null,0,null,0,null
491705,1,1022,2020,0,0,null,0,null,0,null,0,null,0,null,0,null,0,null,0,null
491705,1,1023,2020,0,0,null,0,null,0,null,0,null,0,null,0,null,0,null,0,null
491705,1,1024,2020,0,0,null,0,null,0,null,0,null,0,null,0,null,0,null,0,null
491705,1,1025,2020,93,2,2%,23,25%,1,1%,0,0%,63,68%,0,0%,0,0%,4,4%
491705,1,1026,2020,38,6,16%,6,16%,4,11%,0,0%,21,55%,0,0%,0,0%,1,3%
491705,1,1027,2020,117,6,5%,19,16%,7,6%,0,0%,70,60%,0,0%,5,4%,10,9%
491705,1,1028,2020,0,0,null,0,null,0,null,0,null,0,null,0,null,0,null,0,null
491705,1,1029,2020,155,4,3%,39,25%,9,6%,0,0%,100,65%,0,0%,0,0%,3,2%
491705,1,1030,2020,35,4,11%,2,6%,0,0%,0,0%,27,77%,0,0%,0,0%,2,6%
491705,1,1031,2020,0,0,null,0,null,0,null,0,null,0,null,0,null,0,null,0,null
491705,1,1032,2020,0,0,null,0,null,0,null,0,null,0,null,0,null,0,null,0,null
491706,1,1000,2020,0,0,null,0,null,0,null,0,null,0,null,0,null,0,null,0,null
491706,1,1001,2020,0,0,null,0,null,0,null,0,null,0,null,0,null,0,null,0,null
491706,1,1002,2020,227,27,12%,127,56%,26,11%,0,0%,35,15%,0,0%,0,0%,12,5%
491706,1,1003,2020,0,0,null,0,null,0,null,0,null,0,null,0,null,0,null,0,null
491706,1,1004,2020,377,52,14%,199,53%,30,8%,2,1%,66,18%,1,0%,0,0%,27,7%
491706,1,1005,2020,475,149,31%,190,40%,41,9%,1,0%,66,14%,0,0%,0,0%,28,6%
491706,1,1006,2020,273,43,16%,157,58%,31,11%,0,0%,24,9%,0,0%,2,1%,16,6%
491706,1,1007,2020,0,0,null,0,null,0,null,0,null,0,null,0,null,0,null,0,null
491706,1,1008,2020,0,0,null,0,null,0,null,0,null,0,null,0,null,0,null,0,null
491706,1,1009,2020,0,0,null,0,null,0,null,0,null,0,null,0,null,0,null,0,null
491706,1,1010,2020,0,0,null,0,null,0,null,0,null,0,null,0,null,0,null,0,null
491706,2,2000,2020,0,0,null,0,null,0,null,0,null,0,null,0,null,0,null,0,null
491706,2,2001,2020,220,14,6%,84,38%,39,18%,1,0%,63,29%,1,0%,5,2%,13,6%
491706,2,2002,2020,122,10,8%,45,37%,24,20%,0,0%,25,20%,0,0%,4,3%,14,11%
491706,2,2003,2020,0,0,null,0,null,0,null,0,null,0,null,0,null,0,null,0,null
491706,2,2004,2020,35,9,26%,11,31%,1,3%,0,0%,5,14%,0,0%,2,6%,7,20%
491706,2,2005,2020,"1,114",94,8%,486,44%,219,20%,0,0%,256,23%,0,0%,0,0%,59,5%
491706,2,2006,2020,56,5,9%,15,27%,0,0%,0,0%,29,52%,0,0%,0,0%,7,13%
491707,1,1000,2020,0,0,null,0,null,0,null,0,null,0,null,0,null,0,null,0,null
491707,1,1001,2020,436,39,9%,205,47%,40,9%,0,0%,126,29%,0,0%,0,0%,26,6%
491707,1,1002,2020,33,4,12%,21,64%,1,3%,0,0%,3,9%,0,0%,0,0%,4,12%
491707,1,1003,2020,215,31,14%,98,46%,29,13%,0,0%,45,21%,0,0%,2,1%,10,5%
491707,1,1004,2020,44,2,5%,23,52%,3,7%,0,0%,16,36%,0,0%,0,0%,0,0%
491707,1,1005,2020,26,4,15%,11,42%,0,0%,0,0%,7,27%,0,0%,0,0%,4,15%
491707,1,1006,2020,52,7,13%,11,21%,4,8%,0,0%,21,40%,0,0%,1,2%,8,15%
491707,1,1007,2020,369,21,6%,140,38%,67,18%,0,0%,113,31%,0,0%,3,1%,25,7%
491707,1,1008,2020,65,10,15%,28,43%,4,6%,0,0%,20,31%,0,0%,2,3%,1,2%
491707,1,1009,2020,52,0,0%,16,31%,9,17%,0,0%,20,38%,0,0%,0,0%,7,13%
491707,1,1010,2020,45,4,9%,7,16%,6,13%,0,0%,27,60%,0,0%,0,0%,1,2%
491707,1,1011,2020,307,34,11%,138,45%,27,9%,0,0%,100,33%,0,0%,2,1%,6,2%
491707,1,1012,2020,139,6,4%,61,44%,9,6%,1,1%,55,40%,0,0%,0,0%,7,5%
491707,1,1013,2020,37,0,0%,14,38%,4,11%,0,0%,12,32%,0,0%,0,0%,7,19%
491707,1,1014,2020,35,8,23%,12,34%,0,0%,0,0%,7,20%,0,0%,1,3%,7,20%
491707,1,1015,2020,17,2,12%,0,0%,6,35%,0,0%,6,35%,0,0%,2,12%,1,6%
491707,1,1016,2020,0,0,null,0,null,0,null,0,null,0,null,0,null,0,null,0,null
491707,1,1017,2020,115,16,14%,27,23%,5,4%,0,0%,60,52%,0,0%,1,1%,6,5%
491707,1,1018,2020,60,10,17%,20,33%,2,3%,1,2%,26,43%,0,0%,0,0%,1,2%
491707,1,1019,2020,0,0,null,0,null,0,null,0,null,0,null,0,null,0,null,0,null
491707,2,2000,2020,591,45,8%,292,49%,68,12%,1,0%,157,27%,0,0%,1,0%,27,5%
491707,2,2001,2020,138,2,1%,89,64%,11,8%,0,0%,34,25%,0,0%,0,0%,2,1%
491707,2,2002,2020,81,11,14%,19,23%,9,11%,0,0%,30,37%,0,0%,0,0%,12,15%
491707,2,2003,2020,0,0,null,0,null,0,null,0,null,0,null,0,null,0,null,0,null
491707,2,2004,2020,0,0,null,0,null,0,null,0,null,0,null,0,null,0,null,0,null
491707,2,2005,2020,51,4,8%,17,33%,1,2%,0,0%,21,41%,0,0%,2,4%,6,12%
491707,2,2006,2020,40,11,28%,3,8%,8,20%,0,0%,6,15%,0,0%,2,5%,10,25%
491707,3,3000,2020,0,0,null,0,null,0,null,0,null,0,null,0,null,0,null,0,null
491707,3,3001,2020,"1,152",192,17%,500,43%,220,19%,1,0%,187,16%,1,0%,4,0%,47,4%
491707,3,3002,2020,0,0,null,0,null,0,null,0,null,0,null,0,null,0,null,0,null
491707,3,3003,2020,250,34,14%,103,41%,45,18%,0,0%,52,21%,0,0%,0,0%,16,6%
491707,3,3004,2020,81,30,37%,20,25%,13,16%,0,0%,15,19%,0,0%,0,0%,3,4%
491707,3,3005,2020,0,0,null,0,null,0,null,0,null,0,null,0,null,0,null,0,null
491707,3,3006,2020,137,31,23%,48,35%,18,13%,0,0%,32,23%,0,0%,0,0%,8,6%
491801,1,1000,2020,31,6,19%,9,29%,0,0%,0,0%,3,10%,0,0%,1,3%,12,39%
491801,1,1001,2020,0,0,null,0,null,0,null,0,null,0,null,0,null,0,null,0,null
491801,1,1002,2020,0,0,null,0,null,0,null,0,null,0,null,0,null,0,null,0,null
491801,1,1003,2020,246,28,11%,127,52%,36,15%,0,0%,44,18%,0,0%,0,0%,11,4%
491801,1,1004,2020,12,6,50%,1,8%,0,0%,0,0%,3,25%,1,8%,1,8%,0,0%
491801,1,1005,2020,287,29,10%,158,55%,18,6%,0,0%,72,25%,0,0%,0,0%,10,3%
491801,1,1006,2020,172,41,24%,70,41%,16,9%,0,0%,34,20%,0,0%,4,2%,7,4%
491801,1,1007,2020,115,16,14%,72,63%,1,1%,0,0%,19,17%,0,0%,1,1%,6,5%
491801,1,1008,2020,120,14,12%,67,56%,8,7%,0,0%,29,24%,0,0%,0,0%,2,2%
491801,1,1009,2020,160,10,6%,74,46%,22,14%,0,0%,38,24%,0,0%,1,1%,15,9%
491801,1,1010,2020,42,1,2%,12,29%,8,19%,0,0%,9,21%,0,0%,2,5%,10,24%
491801,2,2000,2020,536,26,5%,204,38%,48,9%,0,0%,219,41%,0,0%,11,2%,28,5%
491801,2,2001,2020,455,39,9%,150,33%,65,14%,0,0%,190,42%,0,0%,2,0%,9,2%
491801,2,2002,2020,148,27,18%,49,33%,23,16%,0,0%,38,26%,0,0%,0,0%,11,7%
491802,1,1000,2020,794,63,8%,355,45%,82,10%,6,1%,241,30%,0,0%,5,1%,42,5%
491802,1,1001,2020,102,10,10%,46,45%,3,3%,0,0%,33,32%,0,0%,4,4%,6,6%
491802,1,1002,2020,44,6,14%,21,48%,7,16%,0,0%,4,9%,0,0%,2,5%,4,9%
491802,1,1003,2020,0,0,null,0,null,0,null,0,null,0,null,0,null,0,null,0,null
491802,1,1004,2020,0,0,null,0,null,0,null,0,null,0,null,0,null,0,null,0,null
491802,1,1005,2020,306,21,7%,77,25%,58,19%,0,0%,127,42%,0,0%,1,0%,22,7%
491802,1,1006,2020,46,9,20%,16,35%,1,2%,0,0%,12,26%,0,0%,4,9%,4,9%
491802,1,1007,2020,77,11,14%,10,13%,3,4%,0,0%,41,53%,0,0%,2,3%,10,13%
491802,1,1008,2020,96,7,7%,26,27%,11,11%,0,0%,48,50%,0,0%,1,1%,3,3%
491802,1,1009,2020,0,0,null,0,null,0,null,0,null,0,null,0,null,0,null,0,null
491802,1,1010,2020,0,0,null,0,null,0,null,0,null,0,null,0,null,0,null,0,null
491802,1,1011,2020,0,0,null,0,null,0,null,0,null,0,null,0,null,0,null,0,null
491802,1,1012,2020,32,4,13%,6,19%,11,34%,0,0%,4,13%,0,0%,2,6%,5,16%
491802,2,2000,2020,0,0,null,0,null,0,null,0,null,0,null,0,null,0,null,0,null
491802,2,2001,2020,0,0,null,0,null,0,null,0,null,0,null,0,null,0,null,0,null
491802,2,2002,2020,186,15,8%,150,81%,3,2%,0,0%,16,9%,0,0%,0,0%,2,1%
491802,2,2003,2020,75,5,7%,66,88%,0,0%,0,0%,0,0%,0,0%,0,0%,4,5%
491802,2,2004,2020,76,15,20%,47,62%,4,5%,0,0%,9,12%,0,0%,0,0%,1,1%
491802,2,2005,2020,42,3,7%,21,50%,2,5%,0,0%,14,33%,0,0%,0,0%,2,5%
491802,2,2006,2020,64,14,22%,48,75%,0,0%,0,0%,0,0%,0,0%,0,0%,2,3%
491802,2,2007,2020,73,14,19%,54,74%,2,3%,0,0%,0,0%,0,0%,0,0%,3,4%
491802,2,2008,2020,69,7,10%,42,61%,8,12%,0,0%,11,16%,0,0%,0,0%,1,1%
491802,2,2009,2020,40,1,3%,31,78%,1,3%,0,0%,2,5%,0,0%,0,0%,5,13%
491802,2,2010,2020,82,4,5%,53,65%,6,7%,0,0%,18,22%,0,0%,0,0%,1,1%
491802,2,2011,2020,50,10,20%,25,50%,6,12%,1,2%,5,10%,0,0%,0,0%,3,6%
491802,2,2012,2020,69,11,16%,44,64%,4,6%,0,0%,2,3%,0,0%,1,1%,7,10%
491802,2,2013,2020,0,0,null,0,null,0,null,0,null,0,null,0,null,0,null,0,null
491802,2,2014,2020,80,4,5%,59,74%,0,0%,0,0%,6,8%,0,0%,0,0%,11,14%
491802,2,2015,2020,76,13,17%,53,70%,0,0%,0,0%,5,7%,0,0%,0,0%,5,7%
491802,2,2016,2020,87,5,6%,45,52%,6,7%,0,0%,26,30%,0,0%,0,0%,5,6%
491802,2,2017,2020,95,15,16%,59,62%,3,3%,0,0%,17,18%,0,0%,0,0%,1,1%
491802,2,2018,2020,199,22,11%,116,58%,2,1%,0,0%,39,20%,0,0%,0,0%,20,10%
491802,2,2019,2020,55,0,0%,30,55%,1,2%,0,0%,16,29%,0,0%,1,2%,7,13%
491803,1,1000,2020,590,59,10%,253,43%,48,8%,0,0%,212,36%,0,0%,3,1%,15,3%
491803,1,1001,2020,71,10,14%,41,58%,0,0%,2,3%,12,17%,0,0%,0,0%,6,8%
491803,1,1002,2020,75,7,9%,41,55%,5,7%,0,0%,13,17%,0,0%,1,1%,8,11%
491803,1,1003,2020,96,13,14%,52,54%,4,4%,0,0%,14,15%,0,0%,4,4%,9,9%
491803,1,1004,2020,45,21,47%,18,40%,1,2%,0,0%,4,9%,0,0%,0,0%,1,2%
491803,1,1005,2020,524,60,11%,179,34%,26,5%,0,0%,238,45%,0,0%,8,2%,13,2%
491803,1,1006,2020,59,6,10%,42,71%,0,0%,0,0%,5,8%,0,0%,0,0%,6,10%
491803,1,1007,2020,265,25,9%,84,32%,28,11%,0,0%,125,47%,0,0%,0,0%,3,1%
491803,1,1008,2020,334,30,9%,101,30%,27,8%,0,0%,164,49%,2,1%,4,1%,6,2%
491803,1,1009,2020,78,11,14%,49,63%,5,6%,0,0%,13,17%,0,0%,0,0%,0,0%
491803,1,1010,2020,73,4,5%,42,58%,0,0%,0,0%,27,37%,0,0%,0,0%,0,0%
491803,1,1011,2020,65,10,15%,34,52%,7,11%,0,0%,11,17%,0,0%,1,2%,2,3%
491803,1,1012,2020,142,17,12%,71,50%,1,1%,0,0%,47,33%,0,0%,3,2%,3,2%
491803,1,1013,2020,111,7,6%,54,49%,0,0%,0,0%,37,33%,0,0%,0,0%,13,12%
491803,1,1014,2020,0,0,null,0,null,0,null,0,null,0,null,0,null,0,null,0,null
491803,2,2000,2020,46,2,4%,33,72%,0,0%,1,2%,7,15%,0,0%,1,2%,2,4%
491803,2,2001,2020,98,5,5%,56,57%,1,1%,0,0%,30,31%,0,0%,0,0%,6,6%
491803,2,2002,2020,71,16,23%,35,49%,1,1%,0,0%,14,20%,0,0%,0,0%,5,7%
491803,2,2003,2020,63,11,17%,21,33%,4,6%,0,0%,26,41%,0,0%,0,0%,1,2%
491803,2,2004,2020,80,8,10%,47,59%,4,5%,0,0%,16,20%,0,0%,0,0%,5,6%
491803,2,2005,2020,55,4,7%,34,62%,8,15%,0,0%,3,5%,0,0%,0,0%,6,11%
491803,2,2006,2020,100,10,10%,48,48%,1,1%,0,0%,28,28%,0,0%,1,1%,12,12%
491803,2,2007,2020,108,6,6%,82,76%,0,0%,0,0%,15,14%,0,0%,0,0%,5,5%
491803,2,2008,2020,85,7,8%,43,51%,4,5%,0,0%,25,29%,0,0%,0,0%,6,7%
491803,2,2009,2020,61,13,21%,31,51%,2,3%,0,0%,14,23%,0,0%,0,0%,1,2%
491803,2,2010,2020,80,7,9%,55,69%,2,3%,0,0%,11,14%,0,0%,0,0%,5,6%
491803,2,2011,2020,74,3,4%,52,70%,4,5%,0,0%,10,14%,0,0%,0,0%,5,7%
491803,2,2012,2020,47,7,15%,22,47%,0,0%,0,0%,10,21%,0,0%,0,0%,8,17%
491803,2,2013,2020,96,7,7%,54,56%,4,4%,0,0%,23,24%,0,0%,2,2%,6,6%
491803,2,2014,2020,105,7,7%,60,57%,0,0%,0,0%,24,23%,0,0%,6,6%,8,8%
491803,2,2015,2020,136,12,9%,91,67%,0,0%,0,0%,19,14%,0,0%,3,2%,11,8%
491803,2,2016,2020,60,7,12%,41,68%,2,3%,0,0%,4,7%,0,0%,0,0%,6,10%
491803,2,2017,2020,68,15,22%,43,63%,1,1%,0,0%,4,6%,0,0%,1,1%,4,6%
491803,2,2018,2020,110,10,9%,62,56%,7,6%,0,0%,22,20%,0,0%,0,0%,9,8%
491803,2,2019,2020,79,3,4%,45,57%,2,3%,0,0%,22,28%,0,0%,1,1%,6,8%
491803,2,2020,2020,91,11,12%,63,69%,1,1%,0,0%,9,10%,0,0%,0,0%,7,8%
491803,3,3000,2020,470,16,3%,264,56%,18,4%,0,0%,154,33%,0,0%,0,0%,18,4%
491803,3,3001,2020,72,9,13%,32,44%,4,6%,0,0%,18,25%,0,0%,0,0%,9,13%
491803,3,3002,2020,96,6,6%,48,50%,7,7%,0,0%,32,33%,0,0%,3,3%,0,0%
491803,3,3003,2020,81,7,9%,62,77%,1,1%,0,0%,8,10%,0,0%,0,0%,3,4%
491803,3,3004,2020,74,7,9%,35,47%,1,1%,0,0%,28,38%,0,0%,0,0%,3,4%
491803,3,3005,2020,107,14,13%,72,67%,0,0%,0,0%,10,9%,0,0%,0,0%,11,10%
491803,3,3006,2020,62,12,19%,37,60%,6,10%,0,0%,3,5%,0,0%,0,0%,4,6%
491803,3,3007,2020,15,1,7%,0,0%,0,0%,0,0%,9,60%,1,7%,1,7%,3,20%
491803,3,3008,2020,0,0,null,0,null,0,null,0,null,0,null,0,null,0,null,0,null
491803,3,3009,2020,"1,300",242,19%,582,45%,122,9%,0,0%,311,24%,0,0%,1,0%,42,3%
491803,3,3010,2020,30,5,17%,12,40%,0,0%,0,0%,11,37%,0,0%,0,0%,2,7%
491803,3,3011,2020,73,14,19%,26,36%,7,10%,0,0%,21,29%,0,0%,1,1%,4,5%
491803,3,3012,2020,98,4,4%,66,67%,4,4%,0,0%,18,18%,0,0%,0,0%,6,6%
491803,3,3013,2020,171,16,9%,100,58%,10,6%,0,0%,38,22%,0,0%,0,0%,7,4%
491803,3,3014,2020,66,2,3%,46,70%,4,6%,0,0%,6,9%,1,2%,0,0%,7,11%
491803,3,3015,2020,47,0,0%,31,66%,5,11%,0,0%,7,15%,0,0%,0,0%,4,9%
492000,1,1000,2020,76,7,9%,55,72%,0,0%,0,0%,6,8%,0,0%,1,1%,7,9%
492000,1,1001,2020,335,10,3%,283,84%,0,0%,0,0%,33,10%,0,0%,2,1%,7,2%
492000,1,1002,2020,127,12,9%,96,76%,2,2%,0,0%,11,9%,0,0%,4,3%,2,2%
492000,1,1003,2020,56,0,0%,51,91%,4,7%,0,0%,0,0%,0,0%,0,0%,1,2%
492000,1,1004,2020,292,6,2%,236,81%,1,0%,0,0%,20,7%,1,0%,0,0%,28,10%
492000,1,1005,2020,39,7,18%,14,36%,2,5%,0,0%,13,33%,0,0%,0,0%,3,8%
492000,1,1006,2020,72,1,1%,57,79%,0,0%,0,0%,4,6%,0,0%,2,3%,8,11%
492000,1,1007,2020,230,11,5%,138,60%,19,8%,0,0%,44,19%,0,0%,0,0%,18,8%
492000,1,1008,2020,24,8,33%,7,29%,5,21%,0,0%,0,0%,0,0%,2,8%,2,8%
492000,1,1009,2020,49,2,4%,0,0%,12,24%,2,4%,33,67%,0,0%,0,0%,0,0%
492000,1,1010,2020,20,5,25%,4,20%,1,5%,0,0%,0,0%,0,0%,0,0%,10,50%
492000,1,1011,2020,25,0,0%,23,92%,0,0%,0,0%,0,0%,0,0%,1,4%,1,4%
492000,1,1012,2020,132,7,5%,106,80%,11,8%,0,0%,5,4%,0,0%,0,0%,3,2%
492000,1,1013,2020,161,11,7%,136,84%,2,1%,0,0%,4,2%,0,0%,1,1%,7,4%
492000,1,1014,2020,0,0,null,0,null,0,null,0,null,0,null,0,null,0,null,0,null
492000,1,1015,2020,50,2,4%,36,72%,0,0%,0,0%,6,12%,0,0%,0,0%,6,12%
492000,1,1016,2020,0,0,null,0,null,0,null,0,null,0,null,0,null,0,null,0,null
492000,1,1017,2020,16,7,44%,1,6%,4,25%,0,0%,2,13%,0,0%,0,0%,2,13%
492000,1,1018,2020,0,0,null,0,null,0,null,0,null,0,null,0,null,0,null,0,null
492000,1,1019,2020,52,3,6%,26,50%,5,10%,0,0%,11,21%,0,0%,0,0%,7,13%
492000,1,1020,2020,0,0,null,0,null,0,null,0,null,0,null,0,null,0,null,0,null
492000,1,1021,2020,0,0,null,0,null,0,null,0,null,0,null,0,null,0,null,0,null
492000,1,1022,2020,66,3,5%,43,65%,7,11%,0,0%,10,15%,0,0%,0,0%,3,5%
492000,1,1023,2020,0,0,null,0,null,0,null,0,null,0,null,0,null,0,null,0,null
492000,1,1024,2020,192,16,8%,79,41%,20,10%,0,0%,56,29%,0,0%,0,0%,21,11%
492000,1,1025,2020,35,2,6%,13,37%,2,6%,0,0%,13,37%,0,0%,0,0%,5,14%
492000,1,1026,2020,53,4,8%,13,25%,3,6%,0,0%,22,42%,0,0%,0,0%,11,21%
492000,1,1027,2020,191,28,15%,84,44%,21,11%,0,0%,53,28%,0,0%,3,2%,2,1%
492000,2,2000,2020,118,5,4%,86,73%,0,0%,0,0%,15,13%,0,0%,0,0%,12,10%
492000,2,2001,2020,0,0,null,0,null,0,null,0,null,0,null,0,null,0,null,0,null
492000,2,2002,2020,75,4,5%,53,71%,0,0%,0,0%,12,16%,0,0%,0,0%,6,8%
492000,2,2003,2020,7,2,29%,2,29%,0,0%,0,0%,1,14%,0,0%,0,0%,2,29%
492000,2,2004,2020,10,0,0%,7,70%,0,0%,0,0%,2,20%,0,0%,0,0%,1,10%
492000,2,2005,2020,0,0,null,0,null,0,null,0,null,0,null,0,null,0,null,0,null
492000,2,2006,2020,154,3,2%,135,88%,0,0%,0,0%,14,9%,0,0%,1,1%,1,1%
492000,2,2007,2020,28,6,21%,11,39%,0,0%,0,0%,5,18%,0,0%,0,0%,6,21%
492000,2,2008,2020,27,2,7%,3,11%,0,0%,0,0%,20,74%,0,0%,0,0%,2,7%
492000,2,2009,2020,0,0,null,0,null,0,null,0,null,0,null,0,null,0,null,0,null
492000,2,2010,2020,224,11,5%,164,73%,10,4%,0,0%,31,14%,0,0%,0,0%,8,4%
492000,2,2011,2020,28,6,21%,16,57%,0,0%,0,0%,1,4%,0,0%,0,0%,5,18%
492000,2,2012,2020,18,3,17%,10,56%,2,11%,0,0%,0,0%,0,0%,3,17%,0,0%
492000,2,2013,2020,0,0,null,0,null,0,null,0,null,0,null,0,null,0,null,0,null
492000,2,2014,2020,0,0,null,0,null,0,null,0,null,0,null,0,null,0,null,0,null
492000,2,2015,2020,16,9,56%,3,19%,0,0%,0,0%,0,0%,0,0%,2,13%,2,13%
492000,2,2016,2020,285,14,5%,252,88%,0,0%,1,0%,14,5%,0,0%,0,0%,4,1%
492000,2,2017,2020,0,0,null,0,null,0,null,0,null,0,null,0,null,0,null,0,null
492000,2,2018,2020,12,1,8%,5,42%,2,17%,1,8%,1,8%,0,0%,0,0%,2,17%
492000,2,2019,2020,52,2,4%,39,75%,0,0%,0,0%,6,12%,0,0%,1,2%,4,8%
492000,2,2020,2020,37,2,5%,28,76%,3,8%,0,0%,1,3%,2,5%,0,0%,1,3%
492000,2,2021,2020,0,0,null,0,null,0,null,0,null,0,null,0,null,0,null,0,null
492000,2,2022,2020,0,0,null,0,null,0,null,0,null,0,null,0,null,0,null,0,null
492000,2,2023,2020,17,1,6%,14,82%,0,0%,0,0%,0,0%,0,0%,1,6%,1,6%
492000,2,2024,2020,32,2,6%,22,69%,0,0%,0,0%,7,22%,0,0%,0,0%,1,3%
492000,2,2025,2020,0,0,null,0,null,0,null,0,null,0,null,0,null,0,null,0,null
492000,2,2026,2020,15,3,20%,5,33%,0,0%,0,0%,6,40%,0,0%,0,0%,1,7%
492000,2,2027,2020,21,0,0%,10,48%,1,5%,0,0%,0,0%,0,0%,0,0%,10,48%
492000,2,2028,2020,0,0,null,0,null,0,null,0,null,0,null,0,null,0,null,0,null
492000,2,2029,2020,0,0,null,0,null,0,null,0,null,0,null,0,null,0,null,0,null
492000,2,2030,2020,0,0,null,0,null,0,null,0,null,0,null,0,null,0,null,0,null
492000,2,2031,2020,67,1,1%,54,81%,1,1%,1,1%,0,0%,0,0%,1,1%,9,13%
492000,2,2032,2020,69,7,10%,41,59%,3,4%,0,0%,17,25%,0,0%,0,0%,1,1%
492000,2,2033,2020,56,2,4%,35,63%,3,5%,0,0%,5,9%,0,0%,0,0%,11,20%
492000,2,2034,2020,540,21,4%,426,79%,14,3%,0,0%,56,10%,1,0%,2,0%,20,4%
492000,2,2035,2020,91,7,8%,71,78%,2,2%,0,0%,4,4%,0,0%,0,0%,7,8%
492000,2,2036,2020,32,2,6%,22,69%,0,0%,0,0%,3,9%,0,0%,0,0%,5,16%
492000,2,2037,2020,104,13,13%,83,80%,5,5%,0,0%,0,0%,0,0%,0,0%,3,3%
492000,3,3000,2020,49,5,10%,22,45%,0,0%,0,0%,19,39%,0,0%,0,0%,3,6%
492000,3,3001,2020,0,0,null,0,null,0,null,0,null,0,null,0,null,0,null,0,null
492000,3,3002,2020,0,0,null,0,null,0,null,0,null,0,null,0,null,0,null,0,null
492000,3,3003,2020,0,0,null,0,null,0,null,0,null,0,null,0,null,0,null,0,null
492000,3,3004,2020,0,0,null,0,null,0,null,0,null,0,null,0,null,0,null,0,null
492000,3,3005,2020,131,22,17%,62,47%,12,9%,0,0%,20,15%,0,0%,2,2%,13,10%
492000,3,3006,2020,98,12,12%,56,57%,0,0%,0,0%,8,8%,0,0%,2,2%,20,20%
492000,3,3007,2020,83,7,8%,50,60%,2,2%,0,0%,16,19%,0,0%,0,0%,8,10%
492000,3,3008,2020,0,0,null,0,null,0,null,0,null,0,null,0,null,0,null,0,null
492000,3,3009,2020,0,0,null,0,null,0,null,0,null,0,null,0,null,0,null,0,null
492000,3,3010,2020,73,3,4%,51,70%,12,16%,0,0%,1,1%,0,0%,0,0%,6,8%
492000,3,3011,2020,61,7,11%,43,70%,0,0%,0,0%,8,13%,0,0%,0,0%,3,5%
492000,3,3012,2020,0,0,null,0,null,0,null,0,null,0,null,0,null,0,null,0,null
492000,3,3013,2020,0,0,null,0,null,0,null,0,null,0,null,0,null,0,null,0,null
492000,3,3014,2020,139,2,1%,98,71%,6,4%,0,0%,28,20%,0,0%,0,0%,5,4%
492000,3,3015,2020,0,0,null,0,null,0,null,0,null,0,null,0,null,0,null,0,null
492000,3,3016,2020,503,21,4%,434,86%,5,1%,0,0%,34,7%,0,0%,0,0%,9,2%
492000,3,3017,2020,28,7,25%,13,46%,0,0%,0,0%,4,14%,0,0%,0,0%,4,14%
492000,3,3018,2020,137,8,6%,119,87%,0,0%,0,0%,5,4%,0,0%,4,3%,1,1%
492000,3,3019,2020,0,0,null,0,null,0,null,0,null,0,null,0,null,0,null,0,null
492000,3,3020,2020,16,1,6%,6,38%,0,0%,0,0%,4,25%,0,0%,4,25%,1,6%
492000,3,3021,2020,9,0,0%,4,44%,2,22%,0,0%,2,22%,0,0%,0,0%,1,11%
492000,3,3022,2020,0,0,null,0,null,0,null,0,null,0,null,0,null,0,null,0,null
492000,3,3023,2020,13,5,38%,4,31%,0,0%,0,0%,3,23%,0,0%,0,0%,1,8%
492000,3,3024,2020,145,7,5%,110,76%,2,1%,0,0%,22,15%,0,0%,2,1%,2,1%
492000,3,3025,2020,18,0,0%,3,17%,6,33%,0,0%,1,6%,0,0%,0,0%,8,44%
492000,3,3026,2020,0,0,null,0,null,0,null,0,null,0,null,0,null,0,null,0,null
492000,3,3027,2020,0,0,null,0,null,0,null,0,null,0,null,0,null,0,null,0,null
492000,3,3028,2020,179,7,4%,128,72%,0,0%,0,0%,25,14%,0,0%,2,1%,17,9%
492000,3,3029,2020,101,5,5%,94,93%,0,0%,0,0%,1,1%,0,0%,0,0%,1,1%
492000,3,3030,2020,339,7,2%,258,76%,5,1%,0,0%,52,15%,0,0%,0,0%,17,5%
492000,3,3031,2020,0,0,null,0,null,0,null,0,null,0,null,0,null,0,null,0,null
492500,1,1000,2020,274,11,4%,144,53%,5,2%,0,0%,89,32%,0,0%,0,0%,25,9%
492500,1,1001,2020,15,3,20%,4,27%,0,0%,0,0%,4,27%,0,0%,1,7%,3,20%
492500,1,1002,2020,14,3,21%,8,57%,0,0%,0,0%,2,14%,0,0%,0,0%,1,7%
492500,1,1003,2020,80,3,4%,71,89%,0,0%,0,0%,4,5%,0,0%,0,0%,2,3%
492500,1,1004,2020,11,2,18%,8,73%,0,0%,0,0%,0,0%,0,0%,0,0%,1,9%
492500,1,1005,2020,15,0,0%,7,47%,0,0%,0,0%,0,0%,0,0%,0,0%,8,53%
492500,1,1006,2020,21,1,5%,18,86%,0,0%,0,0%,0,0%,0,0%,1,5%,1,5%
492500,1,1007,2020,3,0,0%,2,67%,0,0%,0,0%,1,33%,0,0%,0,0%,0,0%
492500,1,1008,2020,30,3,10%,21,70%,0,0%,0,0%,0,0%,0,0%,0,0%,6,20%
492500,1,1009,2020,27,1,4%,15,56%,0,0%,0,0%,11,41%,0,0%,0,0%,0,0%
492500,1,1010,2020,0,0,null,0,null,0,null,0,null,0,null,0,null,0,null,0,null
492500,1,1011,2020,158,1,1%,117,74%,0,0%,0,0%,35,22%,0,0%,0,0%,5,3%
492500,1,1012,2020,28,0,0%,23,82%,0,0%,0,0%,4,14%,0,0%,0,0%,1,4%
492500,1,1013,2020,38,2,5%,31,82%,0,0%,0,0%,4,11%,0,0%,0,0%,1,3%
492500,1,1014,2020,0,0,null,0,null,0,null,0,null,0,null,0,null,0,null,0,null
492500,1,1015,2020,0,0,null,0,null,0,null,0,null,0,null,0,null,0,null,0,null
492500,1,1016,2020,54,6,11%,34,63%,3,6%,0,0%,10,19%,0,0%,0,0%,1,2%
492500,1,1017,2020,0,0,null,0,null,0,null,0,null,0,null,0,null,0,null,0,null
492500,1,1018,2020,0,0,null,0,null,0,null,0,null,0,null,0,null,0,null,0,null
492500,1,1019,2020,0,0,null,0,null,0,null,0,null,0,null,0,null,0,null,0,null
492500,1,1020,2020,11,1,9%,4,36%,0,0%,0,0%,5,45%,0,0%,0,0%,1,9%
492500,1,1021,2020,38,7,18%,18,47%,0,0%,0,0%,8,21%,0,0%,4,11%,1,3%
492500,1,1022,2020,20,6,30%,9,45%,2,10%,0,0%,0,0%,0,0%,0,0%,3,15%
492500,1,1023,2020,243,7,3%,204,84%,1,0%,0,0%,27,11%,0,0%,0,0%,4,2%
492500,1,1024,2020,7,0,0%,2,29%,0,0%,0,0%,5,71%,0,0%,0,0%,0,0%
492500,1,1025,2020,18,3,17%,15,83%,0,0%,0,0%,0,0%,0,0%,0,0%,0,0%
492500,1,1026,2020,15,0,0%,5,33%,0,0%,0,0%,9,60%,0,0%,0,0%,1,7%
492500,1,1027,2020,105,18,17%,54,51%,0,0%,0,0%,26,25%,0,0%,0,0%,7,7%
492500,1,1028,2020,114,6,5%,94,82%,1,1%,0,0%,9,8%,0,0%,0,0%,4,4%
492500,1,1029,2020,151,8,5%,128,85%,4,3%,0,0%,9,6%,0,0%,0,0%,2,1%
492500,1,1030,2020,116,11,9%,87,75%,5,4%,0,0%,8,7%,0,0%,0,0%,5,4%
492500,1,1031,2020,80,4,5%,55,69%,5,6%,0,0%,13,16%,0,0%,0,0%,3,4%
492500,1,1032,2020,48,2,4%,30,63%,0,0%,2,4%,13,27%,0,0%,0,0%,1,2%
492500,1,1033,2020,26,0,0%,19,73%,2,8%,0,0%,3,12%,2,8%,0,0%,0,0%
492500,1,1034,2020,18,6,33%,5,28%,0,0%,0,0%,2,11%,0,0%,5,28%,0,0%
492500,1,1035,2020,38,2,5%,28,74%,1,3%,0,0%,2,5%,0,0%,0,0%,5,13%
492500,1,1036,2020,13,2,15%,8,62%,0,0%,0,0%,1,8%,0,0%,0,0%,2,15%
492500,1,1037,2020,27,0,0%,25,93%,0,0%,0,0%,2,7%,0,0%,0,0%,0,0%
492500,1,1038,2020,0,0,null,0,null,0,null,0,null,0,null,0,null,0,null,0,null
492500,1,1039,2020,0,0,null,0,null,0,null,0,null,0,null,0,null,0,null,0,null
492500,1,1040,2020,15,1,7%,14,93%,0,0%,0,0%,0,0%,0,0%,0,0%,0,0%
492500,1,1041,2020,56,1,2%,54,96%,0,0%,0,0%,0,0%,0,0%,0,0%,1,2%
492500,1,1042,2020,15,2,13%,10,67%,0,0%,0,0%,3,20%,0,0%,0,0%,0,0%
492500,1,1043,2020,34,3,9%,31,91%,0,0%,0,0%,0,0%,0,0%,0,0%,0,0%
492500,1,1044,2020,105,0,0%,92,88%,0,0%,0,0%,6,6%,0,0%,0,0%,7,7%
492500,1,1045,2020,0,0,null,0,null,0,null,0,null,0,null,0,null,0,null,0,null
492500,1,1046,2020,8,2,25%,2,25%,0,0%,1,13%,3,38%,0,0%,0,0%,0,0%
492500,1,1047,2020,19,6,32%,12,63%,0,0%,0,0%,0,0%,0,0%,0,0%,1,5%
492500,1,1048,2020,0,0,null,0,null,0,null,0,null,0,null,0,null,0,null,0,null
492500,2,2000,2020,79,0,0%,73,92%,0,0%,0,0%,3,4%,0,0%,0,0%,3,4%
492500,2,2001,2020,0,0,null,0,null,0,null,0,null,0,null,0,null,0,null,0,null
492500,2,2002,2020,109,2,2%,105,96%,0,0%,0,0%,0,0%,0,0%,0,0%,2,2%
492500,2,2003,2020,9,0,0%,9,100%,0,0%,0,0%,0,0%,0,0%,0,0%,0,0%
492500,2,2004,2020,61,1,2%,60,98%,0,0%,0,0%,0,0%,0,0%,0,0%,0,0%
492500,2,2005,2020,20,1,5%,14,70%,0,0%,0,0%,4,20%,0,0%,0,0%,1,5%
492500,2,2006,2020,25,0,0%,9,36%,0,0%,0,0%,14,56%,0,0%,0,0%,2,8%
492500,2,2007,2020,15,0,0%,14,93%,0,0%,0,0%,0,0%,0,0%,0,0%,1,7%
492500,2,2008,2020,8,0,0%,8,100%,0,0%,0,0%,0,0%,0,0%,0,0%,0,0%
492500,2,2009,2020,29,0,0%,27,93%,0,0%,0,0%,1,3%,0,0%,0,0%,1,3%
492500,2,2010,2020,0,0,null,0,null,0,null,0,null,0,null,0,null,0,null,0,null
492500,2,2011,2020,37,2,5%,22,59%,1,3%,0,0%,5,14%,0,0%,0,0%,7,19%
492500,2,2012,2020,115,2,2%,85,74%,5,4%,0,0%,21,18%,0,0%,0,0%,2,2%
492500,2,2013,2020,0,0,null,0,null,0,null,0,null,0,null,0,null,0,null,0,null
492500,2,2014,2020,9,2,22%,4,44%,0,0%,0,0%,1,11%,0,0%,0,0%,2,22%
492500,2,2015,2020,18,1,6%,17,94%,0,0%,0,0%,0,0%,0,0%,0,0%,0,0%
492500,2,2016,2020,17,7,41%,5,29%,0,0%,0,0%,5,29%,0,0%,0,0%,0,0%
492500,2,2017,2020,0,0,null,0,null,0,null,0,null,0,null,0,null,0,null,0,null
492500,2,2018,2020,0,0,null,0,null,0,null,0,null,0,null,0,null,0,null,0,null
492500,2,2019,2020,2,1,50%,0,0%,0,0%,1,50%,0,0%,0,0%,0,0%,0,0%
492500,2,2020,2020,3,0,0%,3,100%,0,0%,0,0%,0,0%,0,0%,0,0%,0,0%
492500,2,2021,2020,0,0,null,0,null,0,null,0,null,0,null,0,null,0,null,0,null
492500,2,2022,2020,0,0,null,0,null,0,null,0,null,0,null,0,null,0,null,0,null
492500,2,2023,2020,0,0,null,0,null,0,null,0,null,0,null,0,null,0,null,0,null
492500,2,2024,2020,0,0,null,0,null,0,null,0,null,0,null,0,null,0,null,0,null
492500,2,2025,2020,5,0,0%,5,100%,0,0%,0,0%,0,0%,0,0%,0,0%,0,0%
492500,2,2026,2020,13,0,0%,12,92%,0,0%,0,0%,0,0%,0,0%,1,8%,0,0%
492500,2,2027,2020,7,2,29%,5,71%,0,0%,0,0%,0,0%,0,0%,0,0%,0,0%
492500,2,2028,2020,19,3,16%,15,79%,0,0%,0,0%,1,5%,0,0%,0,0%,0,0%
492500,2,2029,2020,53,0,0%,53,100%,0,0%,0,0%,0,0%,0,0%,0,0%,0,0%
492500,2,2030,2020,115,3,3%,110,96%,0,0%,0,0%,0,0%,0,0%,0,0%,2,2%
492500,2,2031,2020,0,0,null,0,null,0,null,0,null,0,null,0,null,0,null,0,null
492500,2,2032,2020,127,0,0%,112,88%,3,2%,0,0%,11,9%,0,0%,0,0%,1,1%
492500,2,2033,2020,92,1,1%,79,86%,0,0%,1,1%,4,4%,0,0%,0,0%,7,8%
492500,2,2034,2020,12,1,8%,9,75%,0,0%,0,0%,1,8%,0,0%,0,0%,1,8%
492500,2,2035,2020,270,20,7%,213,79%,12,4%,0,0%,9,3%,0,0%,6,2%,10,4%
492500,2,2036,2020,29,8,28%,16,55%,0,0%,0,0%,5,17%,0,0%,0,0%,0,0%
492500,2,2037,2020,12,2,17%,7,58%,0,0%,0,0%,1,8%,0,0%,0,0%,2,17%
492500,2,2038,2020,26,3,12%,19,73%,0,0%,0,0%,1,4%,1,4%,0,0%,2,8%
492500,2,2039,2020,22,1,5%,18,82%,0,0%,0,0%,1,5%,0,0%,0,0%,2,9%
492500,2,2040,2020,38,0,0%,38,100%,0,0%,0,0%,0,0%,0,0%,0,0%,0,0%
492500,2,2041,2020,47,1,2%,46,98%,0,0%,0,0%,0,0%,0,0%,0,0%,0,0%
492500,2,2042,2020,4,0,0%,3,75%,0,0%,0,0%,0,0%,0,0%,0,0%,1,25%
492500,2,2043,2020,17,4,24%,7,41%,3,18%,1,6%,1,6%,0,0%,0,0%,1,6%
492500,2,2044,2020,17,4,24%,7,41%,2,12%,0,0%,4,24%,0,0%,0,0%,0,0%
492500,2,2045,2020,0,0,null,0,null,0,null,0,null,0,null,0,null,0,null,0,null
492500,2,2046,2020,6,3,50%,1,17%,0,0%,0,0%,0,0%,0,0%,0,0%,2,33%
492500,2,2047,2020,6,1,17%,3,50%,0,0%,0,0%,0,0%,0,0%,0,0%,2,33%
492500,2,2048,2020,0,0,null,0,null,0,null,0,null,0,null,0,null,0,null,0,null
492500,2,2049,2020,0,0,null,0,null,0,null,0,null,0,null,0,null,0,null,0,null
492500,2,2050,2020,18,3,17%,13,72%,0,0%,0,0%,0,0%,0,0%,0,0%,2,11%
492500,2,2051,2020,133,4,3%,125,94%,0,0%,0,0%,3,2%,0,0%,0,0%,1,1%
492500,2,2052,2020,9,0,0%,2,22%,0,0%,0,0%,1,11%,0,0%,0,0%,6,67%
492500,2,2053,2020,0,0,null,0,null,0,null,0,null,0,null,0,null,0,null,0,null
492500,2,2054,2020,3,0,0%,1,33%,0,0%,0,0%,1,33%,0,0%,0,0%,1,33%
492500,2,2055,2020,0,0,null,0,null,0,null,0,null,0,null,0,null,0,null,0,null
492500,2,2056,2020,13,0,0%,4,31%,0,0%,0,0%,9,69%,0,0%,0,0%,0,0%
492500,2,2057,2020,37,0,0%,28,76%,0,0%,0,0%,4,11%,3,8%,0,0%,2,5%
492500,2,2058,2020,143,0,0%,125,87%,0,0%,3,2%,11,8%,0,0%,0,0%,4,3%
492500,2,2059,2020,27,5,19%,19,70%,2,7%,0,0%,0,0%,0,0%,0,0%,1,4%
492500,2,2060,2020,43,2,5%,31,72%,0,0%,0,0%,6,14%,1,2%,0,0%,3,7%
492500,2,2061,2020,99,1,1%,87,88%,0,0%,1,1%,7,7%,0,0%,0,0%,3,3%
492500,2,2062,2020,13,1,8%,12,92%,0,0%,0,0%,0,0%,0,0%,0,0%,0,0%
492500,2,2063,2020,0,0,null,0,null,0,null,0,null,0,null,0,null,0,null,0,null
492500,2,2064,2020,0,0,null,0,null,0,null,0,null,0,null,0,null,0,null,0,null